news,source,showtime,showtime2,showtime3,newstext
"바른정당 비유승민계 의원 14명, 홍준표 만나 '후보 단일화'..",경향신문,05/01 23:53 ~ 05/02 06:36 (6시간43분) 노출
"사드 비용 흥정의 종착역은 무기 구매 압박, 다음 타깃은?",JTBC,05/01 23:40 ~ 05/02 06:21 (6시간41분) 노출
대출금리는↑ 예금금리는↓…'가계 이자수지' 첫 적자,JTBC,05/01 23:35 ~ 05/02 07:18 (7시간43분) 노출
젊은층·장년층… 세대별 투표율 따라 희비 갈린다,한국일보,05/01 23:30 ~ 05/02 06:13 (6시간42분) 노출
"바른정당 비유승민계 14명, 홍준표와 심야 회동 '단일화 제안'",경향신문,05/01 23:19 ~ 05/01 23:53 (34분) 노출
"친문-반문, 스탠딩 토론, '찍' 신조어…달라진 대선 풍속도",YTN,05/01 23:10 ~ 05/02 06:13 (7시간3분) 노출
'판사 블랙리스트' 재조사 · 양승태 입장 표명 촉구 '활활',경향신문,05/01 23:04 ~ 05/02 07:40 (8시간35분) 노출
"문 6조·안 23조·유 40조·심 70조·홍 0원, 증세 규모·방법 딴판",경향신문,05/01 23:01 ~ 05/02 06:24 (7시간23분) 노출
서울대 또 물리적 충돌…강제퇴거-재진입 시도 반복돼 혼란,동아일보,05/01 22:59 ~ 05/02 05:28 (6시간29분) 노출
文 37.7% 安 19.1% 洪 14.9%… '1강 2중',조선일보,05/01 22:53 ~ 05/02 00:18 (1시간24분) 노출
"전국 맑고, 더위 계속…미세먼지 점차 해소",연합뉴스TV,05/01 22:53 ~ 05/02 06:17 (7시간23분) 노출
트럼프 말 한마디에… 롤러코스터 타는 환율,세계일보,05/01 22:38 ~ 05/02 06:57 (8시간19분) 노출
"거제 크레인 사고, 유가족 '오열'…남겨진 유류품",뉴스1,05/01 22:31 ~ 05/02 06:58 (8시간27분) 노출
물과 소금만으로 버티며…11층 광고탑 위 간절한 외침,JTBC,05/01 22:27 ~ 05/02 05:48 (7시간20분) 노출
"대선 후보, 거제 타워크레인 사고 빠른 수습 '주문'",뉴시스,05/01 22:27 ~ 05/02 06:53 (8시간26분) 노출
야권 후보 대결에 '몰표' 깨질 듯,경향신문,05/01 22:25 ~ 05/01 23:30 (1시간4분) 노출
"홍준표·바른정당 일부 심야회동…""홍준표정권 창출 도와달라""",머니투데이,05/01 22:20 ~ 05/01 23:19 (58분) 노출
"토니 블레어, 브렉시트 번복 내걸고 정계 복귀",중앙일보,05/01 22:16 ~ 05/02 05:54 (7시간38분) 노출
"""늙고 사람이 없으니 다 함께""…일본, 직접민주주의 실험",경향신문,05/01 21:51 ~ 05/02 06:57 (9시간5분) 노출
4월 한 달 동안 서울에서만 57정 불법 총기 신고,뉴스1,05/01 19:25 ~ 05/01 21:47 (2시간21분) 노출,05/01 21:50 ~ 05/01 21:51 (1분) 노출
발신번호 조작 돕는 별정 통신사 적발,KBS 뉴스,05/01 21:47 ~ 05/02 07:53 (10시간5분) 노출
피해자 대부분 협력업체 비정규직…납기일 맞추려다 참변,SBS 뉴스,05/01 21:44 ~ 05/01 21:50 (5분) 노출
'구의역 사고' 1년 지났지만…갈 길 먼 노동환경 개선,JTBC,05/01 21:44 ~ 05/02 07:11 (9시간26분) 노출
"바른정당 비유승민계, 홍준표와 긴급 회동…집단탈당 가능성",연합뉴스,05/01 21:29 ~ 05/01 22:20 (51분) 노출
소금만으로 버티며…11층 광고탑 위 간절한 외침,JTBC,05/01 21:19 ~ 05/01 22:27 (1시간7분) 노출
"리베이트 판치는 빌라 시장, 'R'자에 숨겨진 비밀",MBC 뉴스,05/01 21:04 ~ 05/02 05:43 (8시간39분) 노출
"""공무원이 꿈…하루 3천 원으로 버텨요"" 한숨 쉬는 청춘들",SBS 뉴스,05/01 21:02 ~ 05/02 07:53 (10시간51분) 노출
서울대 또 학교-학생 물리적 충돌…강제퇴거로 일단락,동아일보,05/01 20:59 ~ 05/01 22:59 (2시간0분) 노출
동맹 무시 '트럼프의 미국 우선주의'…사드는 서막일뿐,한겨레,05/01 20:57 ~ 05/01 21:29 (31분) 노출
정부는 재협상 사안 아니라는데…방위비 분담 압박 어쩌나,SBS 뉴스,05/01 20:57 ~ 05/01 23:40 (2시간43분) 노출
장롱 속 뭉칫돈 68兆 돌파… 일본 전철 밟나,조선일보,05/01 20:53 ~ 05/01 21:44 (51분) 노출
"""복통엔 숯가루"" ""화상 땐 뜨거운물""…'안아키족' 육아법 논란",TV조선,05/01 20:36 ~ 05/01 23:35 (2시간58분) 노출
19대 대선 일자리공약 점검,YTN,05/01 20:10 ~ 05/01 23:01 (2시간50분) 노출
여론조사·TV토론도 없다…D-6 '블랙아웃 선거',한국경제,05/01 20:06 ~ 05/01 23:10 (3시간3분) 노출
"유치원ㆍ어린이집 교사 45% ""학부모 폭력 경험""",한국일보,05/01 20:05 ~ 05/01 23:04 (2시간59분) 노출
제주공항 짙은 안개…항공기 100여편 지연,뉴시스,05/01 17:41 ~ 05/01 19:55 (2시간13분) 노출,05/01 19:56 ~ 05/01 20:05 (9분) 노출
"한국당 '문재인 특검법' 발의…文측 ""수사대상은 홍준표""",뉴스1,05/01 19:55 ~ 05/01 22:16 (2시간21분) 노출
거제 크레인사고 30여명 사망·부상…왜 인명피해 컸나,노컷뉴스,05/01 19:51 ~ 05/01 21:44 (1시간53분) 노출
내일 맑고 여름 더위 계속…곳곳 오존 '주의',YTN,05/01 19:48 ~ 05/01 22:53 (3시간4분) 노출
"특검 ""安, 박채윤 회사 부정적 의견 낸 공무원 인사개입""",머니투데이,05/01 19:43 ~ 05/01 22:38 (2시간54분) 노출
"文 39.4% 독주..安 20.8%  洪 16.2%, 남은 변수..",세계일보,05/01 19:35 ~ 05/01 22:25 (2시간50분) 노출
'트럼프 리스크' 차기 한국 정부의 최대 난제로,한겨레,05/01 19:23 ~ 05/01 20:57 (1시간33분) 노출
세월호 선내 수색 2주…미수습자 어디에 있나,연합뉴스,05/01 19:16 ~ 05/01 22:31 (3시간15분) 노출
'인구절벽' 후폭풍…수도권 30개교 등 전국 130개교 입학생..,뉴스1,05/01 19:09 ~ 05/01 22:53 (3시간44분) 노출
"'약(藥)' 달고 사는 우리 부모님, 이대로 괜찮은 걸까?",경향신문,05/01 18:59 ~ 05/01 21:02 (2시간2분) 노출
'592억 뇌물 혐의' 박근혜 전 대통령 내일 첫 재판,머니투데이,05/01 18:52 ~ 05/01 22:27 (3시간35분) 노출
삼성중공업 거제조선소 사망자수 6명으로 늘어,머니투데이,05/01 18:39 ~ 05/01 19:51 (1시간11분) 노출
1초가 급하다…구급·소방차에 '프리패스 번호판',매일경제,05/01 18:37 ~ 05/01 20:36 (1시간59분) 노출
거제 삼성중공업 크레인 충돌…5명 사망ㆍ18명 부상,연합뉴스TV,05/01 18:07 ~ 05/01 18:39 (32분) 노출
"윤병세 ""美 사드비용 양측 합의 지킨다에 방점""",뉴스1,05/01 17:52 ~ 05/01 20:57 (3시간4분) 노출
"박근령, 홍준표 지지선언…""박근혜 살려줄 유일한 후보""",뉴스1,05/01 17:50 ~ 05/01 19:56 (2시간6분) 노출
"바른정당 단일화파, 2일 2차 집단행동 '시사'",뉴시스,05/01 17:50 ~ 05/01 21:04 (3시간14분) 노출
'재정난' 전경련 2차 희망퇴직…직원 임금삭감도 추진,연합뉴스,05/01 15:36 ~ 05/01 17:29 (1시간52분) 노출,05/01 17:32 ~ 05/01 17:41 (9분) 노출
"갈 곳 잃은 佛 '변두리' 표심, 대선 결정한다",한국일보,05/01 17:29 ~ 05/01 19:25 (1시간56분) 노출
25만 가입 케이뱅크 '돌풍'…차별화 없인 '미풍' 될수도,매일경제,05/01 17:26 ~ 05/01 20:59 (3시간32분) 노출
'매직넘버'를 넘어라···뜨거운 득표율 전쟁,서울경제,05/01 17:20 ~ 05/01 17:32 (11분) 노출
"특검, '김기춘 재판서 위증' 정진철 靑수석 수사의뢰",머니투데이,05/01 17:15 ~ 05/01 19:43 (2시간27분) 노출
거제 삼성중공업 크레인 충돌…5명 사망·18명 부상,연합뉴스TV,05/01 17:06 ~ 05/01 18:07 (1시간1분) 노출
"안종범 ""특검, 삼성 진술하라며 회유""…특검팀과 공방",뉴시스,05/01 17:03 ~ 05/01 17:15 (11분) 노출
소녀상 옆 대통령 흉상 건립 또 시도…시민·구청 제지,연합뉴스,05/01 16:43 ~ 05/01 17:50 (1시간6분) 노출
"트럼프 ""김정은 꽤 영리한 녀석(smart cookie)"" 발언 속내는?",연합뉴스,05/01 16:41 ~ 05/01 21:19 (4시간37분) 노출
"국정원, 알파팀에 직접 돈 줬다",한겨레21,05/01 16:33 ~ 05/01 20:53 (4시간19분) 노출
"""삭제도 못하는 플로팅 광고 안돼""…방통위, 11개 꼼수유형..",뉴스1,05/01 16:33 ~ 05/01 18:59 (2시간26분) 노출
노인들 식단 '탄수화물' 편중 심해···적정량보다 10% 높아,서울경제,05/01 16:28 ~ 05/01 19:16 (2시간48분) 노출
트럼프 비판 언론 재갈물리기 나선 백악관,헤럴드경제,05/01 16:28 ~ 05/01 18:37 (2시간9분) 노출
"삼성중공업, 타워크레인 넘어져 5명 사망",YTN,05/01 16:27 ~ 05/01 17:06 (38분) 노출
경기도 올 들어 처음으로 오존주의보 발령..수원·안양 등..,뉴시스,05/01 16:25 ~ 05/01 19:48 (3시간23분) 노출
경기도 올 들어 처음으로 오존주의보 발령…수원·안양 등 11개 시,뉴시스,05/01 16:24 ~ 05/01 16:25 (1분) 노출
"성장 한계 대형마트…""변해야 산다""",전자신문,05/01 16:18 ~ 05/01 17:50 (1시간31분) 노출
"LH·한전·가스公 부채 합했더니 ""全 공기관의 절반 넘어""",뉴스1,05/01 16:12 ~ 05/01 18:52 (2시간39분) 노출
"'우울한' 한국의 노동절…산재사망률 EU의 5배, 네덜란드의..",연합뉴스,05/01 16:08 ~ 05/01 19:09 (3시간1분) 노출
거제 삼성중공업 크레인 넘어져…5명 사망·10여명 중경상,연합뉴스,05/01 16:00 ~ 05/01 16:27 (26분) 노출
19대 대선 재외투표 22만1천여명 참여 '역대최다'…투표율..,연합뉴스,05/01 15:59 ~ 05/01 20:10 (4시간10분) 노출
"'불황의 그늘'vs'창업열풍'…신설법인 역대 최다, 구멍가게도..",뉴시스,05/01 15:56 ~ 05/01 19:35 (3시간38분) 노출
"삼성중공업 크레인 전도사고, 사망 5명·부상 10명..",연합뉴스,05/01 15:54 ~ 05/01 16:00 (6분) 노출
거제 삼성중공업 크레인 전도사고…5명 사망 추정,연합뉴스,05/01 15:53 ~ 05/01 15:54 (1분) 노출
6일 앞으로 다가온 프랑스 대선…'극우 딱지' 떼려는 르펜,머니투데이,05/01 15:52 ~ 05/01 16:43 (50분) 노출
대기업 매출 5년 연속 내리막…저유가·경기침체 영향,뉴시스,05/01 15:16 ~ 05/01 17:26 (2시간9분) 노출
"장미대선, 지역구도 깨질까…여론조사는 'OK' 실제는 '글쎄'",뉴스1,05/01 15:10 ~ 05/01 20:06 (4시간56분) 노출
"북한의 '지지호소' 뿌리친 아세안, 트럼프 대북압박 파트너로",연합뉴스,05/01 15:05 ~ 05/01 16:41 (1시간36분) 노출
4차산업혁명은 '일자리 도둑'인가,아시아경제,05/01 14:56 ~ 05/01 16:28 (1시간32분) 노출
경찰버스 막아선 성주 주민 5시간 만에 길 열어,연합뉴스,05/01 14:43 ~ 05/01 15:53 (1시간9분) 노출
"美 ""재협상"" 韓 ""기존 합의 유효""…사드 비용 논란 증폭",뉴시스,05/01 14:40 ~ 05/01 17:52 (3시간11분) 노출
"美의회, 마침내 예산안 합의…""셧다운 피했다""",뉴스1,05/01 14:29 ~ 05/01 16:28 (1시간59분) 노출
"'연령별 잔존 치아' 50代 24개, 60代 20개, 70代 13개",문화일보,05/01 14:28 ~ 05/01 16:08 (1시간39분) 노출
민간기업 뛰어넘은 '신의 직장'…公기업 평균보수 8000만원,뉴스1,05/01 14:26 ~ 05/01 16:12 (1시간45분) 노출
BNK금융지주 시세조종 총괄지시 성세환 회장 등 9명 기소,뉴스1,05/01 14:26 ~ 05/01 16:33 (2시간7분) 노출
재벌개혁 필요성 공감…정책 강도는 온도차,연합뉴스,05/01 14:25 ~ 05/01 19:23 (4시간58분) 노출
"안종범 ""특검, 삼성 진술하라며 회유""…특검 ""사실아냐""",뉴시스,05/01 14:24 ~ 05/01 17:03 (2시간39분) 노출
'다시 돌아온 5월' 5·18 진실 밝히는 잇단 증언들,뉴시스,05/01 14:16 ~ 05/01 16:33 (2시간17분) 노출
코스피 2200 돌파해도 개미들 수익률은 '마이너스',문화일보,05/01 14:15 ~ 05/01 15:59 (1시간44분) 노출
日고교 '파마·염색 안했다' 증명 요구…학생 인권침해 논란,연합뉴스,05/01 14:11 ~ 05/01 15:52 (1시간41분) 노출
고온현상 계속…하루종일 미세먼지 '나쁨',SBS 뉴스,05/01 14:02 ~ 05/01 16:24 (2시간21분) 노출
"""빅스비, 스피커폰~"" 삼성 '갤S8 빅스비 보이스' 서비스 시작",뉴스1,05/01 13:57 ~ 05/01 15:56 (1시간59분) 노출
文·安·沈 노동절 맞아 '勞心행보'…洪·劉 제주서 '보수 찾기',뉴스1,05/01 13:31 ~ 05/01 17:20 (3시간49분) 노출
한국 소득 대비 대외원조 지원비율 OECD 최하위권,연합뉴스,05/01 13:25 ~ 05/01 15:36 (2시간11분) 노출
"고속道 귀경 차량 몰릴 듯…""오후 5~6시께 정체 절정""",뉴시스,05/01 13:23 ~ 05/01 16:18 (2시간54분) 노출
"사드반대 성주 주민 경찰버스 막아…""연행자 2명 석방하라""",연합뉴스,05/01 13:23 ~ 05/01 14:43 (1시간20분) 노출
대선주자들 '근로자의 날' 총력전…제주ㆍ수도권 유세 격돌,연합뉴스TV,05/01 13:13 ~ 05/01 13:31 (18분) 노출
"안철수 ""사람희생 돈으로 때우는 문화 안돼"" 온국민멘토단..",연합뉴스,05/01 13:05 ~ 05/01 14:29 (1시간23분) 노출
"국방부 ""사드, 재협상 사안 아냐""…방위비 포함가능성 시사",뉴시스,05/01 12:54 ~ 05/01 14:40 (1시간46분) 노출
"사드반대 성주주민 경찰버스 막아…""연행자 2명 석방""",연합뉴스,05/01 12:52 ~ 05/01 13:23 (31분) 노출
이통사 요금 중 통신요금은 55% 수준…부가서비스 비용..,OSEN,05/01 12:52 ~ 05/01 14:56 (2시간4분) 노출
"트럼프, 인권탄압 두테르테 초청 논란…백악관 ""북한때문""..",헤럴드경제,05/01 12:48 ~ 05/01 14:16 (1시간28분) 노출
"안철수""사람희생 돈으로 때우는 문화 안돼""온국민멘토단 발족",연합뉴스,05/01 12:27 ~ 05/01 13:05 (37분) 노출
"심상정 ""헌법 조문 전체에서 '근로→노동'으로 바꿔야""",머니투데이,05/01 12:20 ~ 05/01 14:28 (2시간8분) 노출
성매매 실태조사…청소년 조건만남 75％ 온라인으로,연합뉴스,05/01 12:20 ~ 05/01 15:05 (2시간45분) 노출
"文측, 홍준표 작심겨냥 ""洪 찍으면 대한민국 자유 사라져""",뉴시스,05/01 12:18 ~ 05/01 14:26 (2시간8분) 노출
"홍준표""문재인 상왕은 이해찬..보수궤멸 주장 '킬링필드'연상""",연합뉴스,05/01 12:17 ~ 05/01 14:26 (2시간9분) 노출
"文측, 安-洪 싸잡아 비판…""'막말연대' 중단해야""",뉴스1,05/01 12:17 ~ 05/01 12:18 (1분) 노출
'초대기업에 富쏠림' 삼성 등 4대 그룹이 순익 73% 차지,뉴스1,05/01 12:14 ~ 05/01 15:16 (3시간2분) 노출
"日 이즈모함, 美 군함 보호 위해 오늘 출항…한반도 위기 틈타..",뉴시스,05/01 12:14 ~ 05/01 14:11 (1시간57분) 노출
"굳건해지는 문재인 1위, 홍준표 안철수는 오차범위 접전",미디어오늘,05/01 12:11 ~ 05/01 15:10 (2시간58분) 노출
"4월 수출 510억달러 '역대 2위'…선박 수출, 사상 최대",연합뉴스,05/01 09:47 ~ 05/01 11:40 (1시간53분) 노출,05/01 12:11 ~ 05/01 12:14 (2분) 노출
종반전 맞은 장미대선…'1강2중2약' 판세 재편 양상,연합뉴스,05/01 11:40 ~ 05/01 12:52 (1시간11분) 노출
"정부, 하루 1갑씩 30년 담배피운 흡연자에 무료 폐검진",뉴스1,05/01 11:35 ~ 05/01 13:57 (2시간21분) 노출
'서울 28도' 여름 더위…미세먼지↑,TV조선,05/01 11:35 ~ 05/01 14:02 (2시간27분) 노출
美 19대 대선 재외선거 순조롭게 끝나…투표율 71%대 예상,연합뉴스,05/01 11:30 ~ 05/01 14:15 (2시간45분) 노출
'사흘째 황금연휴' 고속道 상행선 정체 오후 5시 최고조,뉴스1,05/01 11:26 ~ 05/01 13:23 (1시간56분) 노출
"국방부 ""사드, 재협상 사안 아냐""…美맥마스터 발언 일축",뉴시스,05/01 11:21 ~ 05/01 12:54 (1시간33분) 노출
남중국해 영유권사태 외교전 中 '완승'…아세안에 입지 확대,연합뉴스,05/01 11:19 ~ 05/01 12:48 (1시간28분) 노출
"28분만에 끝난 우병우 첫 공판, 6월2일 2차 준비기일",뉴시스,05/01 11:15 ~ 05/01 14:24 (3시간9분) 노출
원화 실질가치 9년 만에 최고…원화강세 언제까지,머니투데이,05/01 11:11 ~ 05/01 13:25 (2시간13분) 노출
"""부당 요금 받은 콜밴·견인차, 자격 취소""",머니투데이,05/01 11:09 ~ 05/01 12:52 (1시간43분) 노출
"""얼마나 더울까?…'더위체감지수'로 폭염 대비하세요""",연합뉴스,05/01 11:03 ~ 05/01 12:20 (1시간16분) 노출
"우병우, 직권남용 사건 첫 공판준비기일 불출석",뉴스1,05/01 10:55 ~ 05/01 11:15 (20분) 노출
"유승민, 새누리당 의원 시절 안종범에 '인사 청탁' 의혹",경향신문,05/01 10:51 ~ 05/01 12:11 (1시간19분) 노출
"劉, 인사청탁 의혹 부인…""내정자 있는지 물어봤을 뿐""",연합뉴스,05/01 10:51 ~ 05/01 14:25 (3시간33분) 노출
"국방부 ""사드 비용, 재협상 사안 될 수 없다""",연합뉴스,05/01 10:47 ~ 05/01 11:21 (34분) 노출
"""5·18 계엄군, 전대병원도 군홧발로 짓밟아"" 첫 증언",중앙일보,05/01 10:27 ~ 05/01 12:27 (2시간0분) 노출
오바마 '억대 강연료' 논란..월가 이어 이번엔 미디어행사서,연합뉴스,05/01 10:24 ~ 05/01 11:11 (46분) 노출
"송인서적 회생절차 밟는다…법원, 개시 결정·8월께 종결",연합뉴스,05/01 10:19 ~ 05/01 12:20 (2시간1분) 노출
담뱃세 논란…다음 정부는 결국 올릴까 내릴까,연합뉴스,05/01 10:16 ~ 05/01 10:27 (10분) 노출
"""연휴 장보기 겁나요""…사먹어도, 해먹어도 비싸다",헤럴드경제,05/01 10:12 ~ 05/01 12:17 (2시간4분) 노출
대선의 달 5월 시작…열띤 유세전 이어가,YTN,05/01 09:55 ~ 05/01 13:13 (3시간17분) 노출
서울 28도 등 초여름 더위…미세먼지 '나쁨',JTBC,05/01 09:49 ~ 05/01 11:35 (1시간45분) 노출
4월 수출 510억달러…전년동기대비 24.2% 증가,KBS 뉴스,05/01 09:45 ~ 05/01 09:47 (2분) 노출
"EU ""메이의 전략은 완전히 비현실적"" 가시밭길 협상 예고",헤럴드경제,05/01 09:44 ~ 05/01 11:19 (1시간35분) 노출
공공기관 작년 신규채용 2.1만명…男 육아휴직 '급증',머니투데이,05/01 09:40 ~ 05/01 11:35 (1시간55분) 노출
"트럼프 ""김정은 똑똑한 녀석(cookie) 北 문제 해결이 무역..""",뉴시스,05/01 09:38 ~ 05/01 12:14 (2시간35분) 노출
"靑 ""美 맥마스터 인터뷰, 사드 기존합의 유효 재확인""",뉴스1,05/01 09:35 ~ 05/01 10:47 (1시간11분) 노출
유명 스위스 등반가 에베레스트에서 사망,연합뉴스,05/01 09:34 ~ 05/01 10:51 (1시간17분) 노출
황금연휴 서울 도심서 남부럽지 않게 놀아볼까,연합뉴스,05/01 09:28 ~ 05/01 10:19 (50분) 노출
자사주 사면 주가 오른다? 셋 중 둘은 뒷걸음질,조선일보,05/01 06:48 ~ 05/01 09:20 (2시간32분) 노출,05/01 09:28 ~ 05/01 09:34 (5분) 노출
문 '통합정부' 중도 확장전략..안 '공동정부' 반문 불씨 살리기,중앙일보,05/01 07:14 ~ 05/01 09:17 (2시간3분) 노출,05/01 09:20 ~ 05/01 09:44 (23분) 노출
"""최저임금 1만원 보장!""…전국 15곳서 127주년 노동절대회",연합뉴스,05/01 09:19 ~ 05/01 12:17 (2시간57분) 노출
운 없으면 '느림보폰'…화웨이 P10 고객들 부글부글,중앙일보,05/01 09:18 ~ 05/01 10:12 (54분) 노출
대형사만 배 부른 모바일 게임 시장의 그늘,한국일보,05/01 09:17 ~ 05/01 10:51 (1시간34분) 노출
"'바퀴 신발' 사고 주의보…""보호구 차고 이어폰은 빼야""",연합뉴스,05/01 09:09 ~ 05/01 11:26 (2시간17분) 노출
'바퀴달린 신발' 안전사고 21건…보호대 착용 필수,뉴시스,05/01 09:08 ~ 05/01 09:09 (1분) 노출
문재인 44.1% 안철수 21.8% 홍준표 16.6%,머니투데이,05/01 09:07 ~ 05/01 12:11 (3시간4분) 노출
3월 원화대출 연체율 0.51%…가계·기업 모두 하락,머니투데이,05/01 09:02 ~ 05/01 11:09 (2시간6분) 노출
'공정무역' 부르짖은 미국…실제론 압박 수단으로,연합뉴스,05/01 09:01 ~ 05/01 09:45 (44분) 노출
'몰아치기 분양' 나선 중견사들…청약 전망은 '글쎄',뉴스1,05/01 09:00 ~ 05/01 10:24 (1시간24분) 노출
사드비용 논란 '점입가경'…韓美안보수장 통화후 '다른 말',연합뉴스,05/01 08:27 ~ 05/01 09:35 (1시간8분) 노출
'국정농단 방조' 우병우 오늘 첫 공판준비기일…출석 미지수,뉴시스,05/01 08:15 ~ 05/01 10:55 (2시간39분) 노출
"대선후보 ""음주운전 기준-처벌 강화"" 한목소리",동아일보,05/01 08:08 ~ 05/01 10:16 (2시간7분) 노출
사드비용 논란 확산…韓美안보수장 '동상이몽' 통화후 다른..,연합뉴스,05/01 08:05 ~ 05/01 08:27 (22분) 노출
"폼페오 美 CIA국장 왜왔나…한·미 대북 공조 점검, 韓 차기..",국민일보,05/01 08:03 ~ 05/01 09:38 (1시간35분) 노출
"5월 첫날 대선후보 5인방, 서울부터 제주까지 종횡무진",뉴시스,05/01 08:02 ~ 05/01 09:55 (1시간53분) 노출
재외국민 투표율 시드니 84%·베이징 82%,서울신문,05/01 08:02 ~ 05/01 11:30 (3시간27분) 노출
"선별복지, 50대 이상 60% 넘게 찬성… 20대 44% 그쳐",세계일보,05/01 07:30 ~ 05/01 09:28 (1시간58분) 노출
새 정부 사법권력 '요동'… 대법원장 등 21명 교체,서울신문,05/01 07:05 ~ 05/01 09:02 (1시간57분) 노출
"선별복지, 50대 이상 60% 넘게 찬성..20대 44%..",세계일보,05/01 07:01 ~ 05/01 07:30 (28분) 노출
"대학간 교류 열풍… ""학생 위한 것 맞나요""",한국일보,05/01 06:42 ~ 05/01 09:00 (2시간17분) 노출
"드골주의와 손잡은 르펜, 대선판 뒤집기 깜짝카드",동아일보,05/01 06:41 ~ 05/01 09:28 (2시간47분) 노출
소외된 비정규직의 눈물…127돌 '근로자의 날' 자화상,한국일보,05/01 06:39 ~ 05/01 09:19 (2시간39분) 노출
오락가락 '교과서 정책'…자습서 값만 올렸다,국민일보,05/01 06:35 ~ 05/01 09:07 (2시간32분) 노출
"""미국産 가격 낮춰라"" 트럼프, FTA부터 손본다",국민일보,05/01 06:31 ~ 05/01 09:01 (2시간29분) 노출
"'자연주의 육아' 내세워 아픈 아이 방치… ""아동학대"" 부글부글",동아일보,05/01 06:24 ~ 05/01 09:18 (2시간53분) 노출
신입생 5명 미만 중고교 전국 141곳,동아일보,05/01 06:22 ~ 05/01 09:40 (3시간17분) 노출
유커 보릿고개인데 … 잠자는 관광지원금 6500억,중앙일보,05/01 06:15 ~ 05/01 09:08 (2시간53분) 노출
"유권자 2030 줄고 5060 늘어…세대별 투표율, 승부 가른다",중앙일보,05/01 06:09 ~ 05/01 08:15 (2시간6분) 노출
10년간 36조원어치… 한국이 美무기 구매 1위,조선일보,05/01 06:04 ~ 05/01 08:02 (1시간57분) 노출
오늘 여름 더위…오전까지 안개·미세먼지 주의,YTN,05/01 05:57 ~ 05/01 09:49 (3시간52분) 노출
재외선거인투표 이어 오늘부터 '선상투표' 돌입,뉴스1,05/01 05:45 ~ 05/01 08:02 (2시간16분) 노출
폼페오 美CIA국장 극비 방한,국민일보,05/01 05:41 ~ 05/01 08:03 (2시간21분) 노출
"文·安·劉·沈 ""증세 불가피""… 洪 ""담뱃세 내릴 것""",서울신문,05/01 05:30 ~ 05/01 08:08 (2시간37분) 노출
'근로자의 날' 은행 휴무·관공서 정상운영,YTN,05/01 02:18 ~ 05/01 07:14 (4시간55분) 노출
"美맥매스터 ""사드 비용 재협상…그 전까진 기존협정 준수""",연합뉴스,05/01 02:07 ~ 05/01 08:05 (5시간57분) 노출
"美맥매스터 ""사드 재협상…재협상전까지 기존협정..""",연합뉴스,05/01 02:04 ~ 05/01 02:07 (3분) 노출
학교 미세먼지 기준 오락가락…현장학습 '갈팡질팡',MBC 뉴스,04/30 20:44 ~ 04/30 22:15 (1시간30분) 노출,05/01 00:02 ~ 05/01 06:15 (6시간12분) 노출
3일부터 여론 공표 금지…'안갯속 레이스' 굳히기냐 뒤집기냐,파이낸셜뉴스,04/30 23:54 ~ 05/01 06:09 (6시간14분) 노출
"""한미 FTA 재협상하면 5년간 최대 19조원 수출 손실""",한국일보,04/30 23:12 ~ 05/01 06:31 (7시간18분) 노출
'미분양' 3개월 연속 증가…제주·오산 '관리지역' 지정,경향신문,04/30 23:03 ~ 05/01 06:24 (7시간20분) 노출
군소 후보 8인…각양각색 유세 현장,KBS 뉴스,04/30 22:53 ~ 05/01 05:30 (6시간36분) 노출
인터넷은행 '메기 돌풍'…콧대높던 시중은행도 변화 바람,세계일보,04/30 22:19 ~ 05/01 07:01 (8시간42분) 노출
산모 이송 '모세의 길' 이면…턱 없이 부족한 분만실,KBS 뉴스,04/30 22:15 ~ 05/01 07:00 (8시간45분) 노출
6명 중 1명 최저임금 이하…소처럼 일해도 '마이너스 늪',경향신문,04/30 21:41 ~ 05/01 06:35 (8시간53분) 노출
일분일초 아껴가며…'후보의 입' 대변인 숨 가쁜 24시,MBC 뉴스,04/30 21:41 ~ 05/01 05:45 (8시간4분) 노출
박근혜 재판 쟁점들…전 해참총장 '닮은꼴 재판' 보니,JTBC,04/30 21:39 ~ 05/01 06:41 (9시간1분) 노출
건보료 4월 정산 직장인 혼란 언제까지..,국민일보,04/30 21:20 ~ 05/01 06:48 (9시간27분) 노출
고온현상 당분간 지속…오전까지 미세먼지 나쁨,MBC 뉴스,04/30 21:15 ~ 05/01 05:57 (8시간42분) 노출
카네이션도 불법?…달라진 스승의 날에 화훼농가 '울상',SBS 뉴스,04/30 21:12 ~ 05/01 07:05 (9시간53분) 노출
"안철수측 ""文측 인사, 安 유세차량 난동""…文측 ""깊은 유감""",뉴스1,04/30 20:43 ~ 05/01 00:02 (3시간19분) 노출
틈새 공략하는 후보들의 '깨알' 공약,채널A,04/30 20:42 ~ 05/01 06:04 (9시간21분) 노출
내 인생의 마지막 변화구…은퇴 공무원들의 '인생 2막',서울신문,04/30 20:36 ~ 05/01 06:39 (10시간2분) 노출
구체적 설명 없이…'트럼프 흥정 외교'에 끌려다니는 정부,JTBC,04/30 20:31 ~ 05/01 02:04 (5시간32분) 노출
치킨·라면값 '들썩'…서민 먹거리 줄줄이 인상,채널A,04/30 20:14 ~ 05/01 02:18 (6시간4분) 노출
"박근혜 전 대통령, 첫 공판 앞두고 변호인 보강",한국경제,04/30 19:46 ~ 05/01 05:41 (9시간55분) 노출
"""암도 낫는 기적""…말기암 환자 울리는 '지푸라기 사기'",세계일보,04/30 19:40 ~ 05/01 06:22 (10시간41분) 노출
'도로위 시한폭탄' 중증질환자 운전대 못잡는다,매일경제,04/30 19:16 ~ 05/01 06:42 (11시간26분) 노출
"해수부, 세월호 인양 고의 지연 의혹…""어떠한 정치적..""",뉴스1,05/02 23:57 ~ 05/03 02:22 (2시간24분) 노출
"중국, 사드 배치 미국에 대항 ""둥펑-41 정식 배치 선언"" 경고",뉴시스,05/02 23:44 ~ 05/03 07:19 (7시간35분) 노출
"'판사회의' 전국 법원으로 확산…""대법원장 입장 표명""",JTBC,05/02 23:33 ~ 05/03 06:24 (6시간51분) 노출
"앞으로 6일 판세 '블랙아웃'…'1강2중2약' 굳힐까, 뒤집힐까",경향신문,05/02 23:22 ~ 05/03 06:36 (7시간14분) 노출
30도 웃도는 이른 더위…고온 현상 절정,채널A,05/02 23:14 ~ 05/03 06:40 (7시간25분) 노출
"무릎 꿇은 삼성중 사장 ""수습에 최선""…유족 거센 항의·오열",연합뉴스,05/02 23:05 ~ 05/03 06:14 (7시간8분) 노출
연휴도 양극화…함께 누릴 방법 없나?,KBS 뉴스,05/02 22:58 ~ 05/03 07:03 (8시간5분) 노출
복지·교육·국민통합 방안 두고 격돌…네거티브 여전,뉴시스,05/02 22:50 ~ 05/03 06:25 (7시간34분) 노출
"마지막 TV토론, 文 14개·洪 10개 질문 집중",머니투데이,05/02 22:50 ~ 05/03 06:21 (7시간31분) 노출
"사드배치, 정작 국방장관은 배제…왜?",파이낸셜뉴스,05/02 22:50 ~ 05/03 07:17 (8시간27분) 노출
"민주당·국민의당 '보수 결집' 경계…""굴욕 정치"" 비판",MBC 뉴스,05/02 22:50 ~ 05/03 06:54 (8시간4분) 노출
"""당을 쪼갠 분"" , ""후보가 덕이 없어서"" 마지막 TV토론 말말말",매일경제,05/02 22:50 ~ 05/03 00:49 (1시간59분) 노출
"'문명고 연구학교 효력정지' 항고 기각…""국정교과서 못써""",연합뉴스,05/02 19:21 ~ 05/02 22:23 (3시간2분) 노출,05/02 22:24 ~ 05/02 22:44 (20분) 노출
'길 막고 확성기 틀고..' 도 넘은 '유세공해' 심각,MBC 뉴스,05/02 22:23 ~ 05/03 07:02 (8시간38분) 노출
"佛대선 닷새 앞, 마크롱 우위 확고…고정 지지층도 늘어",연합뉴스,05/02 22:21 ~ 05/02 23:33 (1시간11분) 노출
"한 달 전에도 '크레인 충돌'…""전쟁터 같았다""",JTBC,05/02 22:11 ~ 05/02 23:05 (54분) 노출
가짜 여론조사 늘어나는 '암흑의 6일'…유권자들 혼란,JTBC,05/02 22:08 ~ 05/03 06:58 (8시간49분) 노출
"""최악의 공약"" ""뭐가 반값이냐""… 대선후보 '교육정책' 놓고..",파이낸셜뉴스,05/02 22:02 ~ 05/02 22:50 (47분) 노출
"中, 北 미사일 기술 '혹평'…""기술 부족 드러내""",연합뉴스,05/02 21:50 ~ 05/03 07:01 (9시간10분) 노출
법인세 덜 내려다… 철퇴 맞은 르노삼성차,국민일보,05/02 21:41 ~ 05/03 06:19 (8시간38분) 노출
"대선 후보들, 마지막 TV토론서 복지·교육공약 '차별화' 주력",연합뉴스,05/02 21:33 ~ 05/02 22:02 (28분) 노출
"""IS, 시리아 난민캠프 인근 자폭테러…최소 32명 사망""",뉴스1,05/02 20:56 ~ 05/02 23:22 (2시간25분) 노출
'보수 결집' 효과 있을까?…집단 탈당이 미칠 파장은,SBS 뉴스,05/02 20:56 ~ 05/03 06:19 (9시간23분) 노출
"바른정당 황영철, 탈당계 제출 보류",경향신문,05/02 20:51 ~ 05/02 22:50 (1시간58분) 노출
자살보험금 주겠다더니…보험사들 '꼼수' 거부,JTBC,05/02 20:51 ~ 05/03 06:22 (9시간30분) 노출
달걀 52%·오징어 46%… 생활물가 석달째 '고공행진',세계일보,05/02 20:48 ~ 05/03 06:21 (9시간32분) 노출
"대표 사회공약에 文 ""기본소득"" 洪 ""서민복지"" 安 ""학제개편""",파이낸셜뉴스,05/02 20:39 ~ 05/02 21:33 (54분) 노출
"文 ""단설유치원 공공보육 축소""vs 安 ""고교학점제 농어촌..""",이데일리,05/02 20:36 ~ 05/02 20:39 (2분) 노출
"'강제사직' 문체부 공무원 ""김기춘, 당신을 용서하겠다""",뉴스1,05/02 20:35 ~ 05/02 22:58 (2시간22분) 노출
때 이른 여름 더위 '절정'…자외선·오존농도 ↑,SBS 뉴스,05/02 20:31 ~ 05/02 23:14 (2시간43분) 노출
내일 여론조사 '블랙아웃'…'깜깜이' 대응에 '가짜뉴스 전쟁',연합뉴스,05/02 20:05 ~ 05/02 22:08 (2시간2분) 노출
"靑, 4급 이하 실무직원 50여명 승진인사",연합뉴스,05/02 20:05 ~ 05/02 22:50 (2시간44분) 노출
안 보이는데 QR코드?…부실한 점자 공보물,채널A,05/02 20:04 ~ 05/02 22:24 (2시간19분) 노출
문재인 독주 39.2%…안철수 홍준표 '2위 싸움',MBN,05/02 19:55 ~ 05/02 22:50 (2시간54분) 노출
"문재인 40.2%…홍·안, '오차 범위'",JTBC,05/02 19:55 ~ 05/02 22:50 (2시간54분) 노출
삼성중 크레인 사고 합동감식 마무리…원인 규명 본격화,연합뉴스,05/02 19:53 ~ 05/02 22:11 (2시간17분) 노출
"""술김에"" ""내 집이니까""…선거 벽보 훼손 처벌은?",KBS 뉴스,05/02 19:46 ~ 05/02 20:35 (48분) 노출
"권력 기반 다지는 시진핑, 장기집권 굳히나",세계일보,05/02 19:45 ~ 05/02 22:21 (2시간35분) 노출
이대 총장선거 교수 8명 입후보…공석 7개월만에 선거,연합뉴스,05/02 19:36 ~ 05/02 21:50 (2시간14분) 노출
세월호 4층 여학생 객실 첫 진입 눈앞…5층 천장 58% 절단,연합뉴스,05/02 19:34 ~ 05/02 23:44 (4시간9분) 노출
"""이웃이 IS"" ""여친에 맞아 실명""…황당한 무고죄 백태",세계일보,05/02 19:32 ~ 05/02 20:36 (1시간4분) 노출
중서부 미세먼지 '나쁨'…내일 더 더워요,MBC 뉴스,05/02 18:28 ~ 05/02 19:27 (58분) 노출,05/02 19:28 ~ 05/02 20:31 (1시간3분) 노출
내일 서울 낮 30℃…오전까지 미세먼지,YTN,05/02 19:27 ~ 05/02 19:28 (1분) 노출
석탄화력발전 줄인다며…전기료 인상엔 입 다문 후보들,한국경제,05/02 19:21 ~ 05/02 20:51 (1시간30분) 노출
'예상못한 변수' 바른정당 집단 탈당에 대선 '막판 긴장감',뉴스1,05/02 19:18 ~ 05/02 20:56 (1시간38분) 노출
국내 성범죄자 5만명 넘었다,서울경제,05/02 19:13 ~ 05/02 20:56 (1시간42분) 노출
"'정유라 들러리 필요' 보고에…최순실 ""꼴값떠네, 어디서 설쳐""",뉴스1,05/02 19:13 ~ 05/02 21:41 (2시간28분) 노출
'탈당파 복당'에 한국당 '갑론을박' 지도부 '환영'·친박 '반대',뉴스1,05/02 19:07 ~ 05/02 20:51 (1시간44분) 노출
진드기가 옮기는 '고열·구토·설사' 환자 올해 첫 발생,연합뉴스,05/02 19:00 ~ 05/02 20:48 (1시간48분) 노출
2025년부터 노인 의료비 '폭탄',국민일보,05/02 18:23 ~ 05/02 20:04 (1시간40분) 노출
종착역 이른 TV 대선토론…5당 후보 '최후 일격' 준비 올인,뉴스1,05/02 18:06 ~ 05/02 20:05 (1시간59분) 노출
수출호조·실적개선·고배당…外人매수 힘입어 대세상승..,매일경제,05/02 17:58 ~ 05/02 20:05 (2시간6분) 노출
수출호조·실적개선·고배당…外人매수 힘입어 대세상승 이끄나,매일경제,05/02 17:58 ~ 05/02 17:58 (0분) 노출
"佛극우 르펜, 1차 탈락한 피용 연설문 표절 논란",뉴시스,05/02 17:55 ~ 05/02 19:34 (1시간39분) 노출
"대학가는 지금…中 유학생 주춤, 베트남 학생 북적",매일경제,05/02 17:48 ~ 05/02 19:13 (1시간25분) 노출
바른정당 추가 탈당자 나올까…명분·현실 사이 고민 이어질듯,뉴스1,05/02 17:38 ~ 05/02 19:18 (1시간39분) 노출
"文·沈 신경전…""沈 지지는 다음에"" vs ""어리석고 오만한 행태""",연합뉴스,05/02 17:38 ~ 05/02 19:55 (2시간17분) 노출
서울대 사태 악화일로…'본관 점거 농성' 학생들 형사고발,연합뉴스,05/02 17:26 ~ 05/02 19:21 (1시간55분) 노출
"韓 사드 뒤통수, 北엔 대화 시사…트럼프의 셈법은?",뉴스1,05/02 17:25 ~ 05/02 19:55 (2시간29분) 노출
수백억대 편취 태국·필리핀 거점 보이스피싱 38명 구속,서울신문,05/02 17:19 ~ 05/02 17:48 (29분) 노출
"中, 韓국방부 사드가동 준비 완료에 ""필요한 조처할 것"" 반발",연합뉴스,05/02 17:11 ~ 05/02 20:05 (2시간53분) 노출
"완성차 5개사, '악재만 가득' 4월 판매 두자릿수 감소",이데일리,05/02 17:05 ~ 05/02 19:36 (2시간31분) 노출
"中, 트럼프의 김정은 대화 용의 환영…""대화만이 정확한 선택""",연합뉴스,05/02 17:00 ~ 05/02 17:26 (25분) 노출
내일 고온현상 절정…수도권 30도 안팎,연합뉴스TV,05/02 17:00 ~ 05/02 18:28 (1시간28분) 노출
대학 전공 틀 깨진다…1년 5학기도 가능,KBS 뉴스,05/02 15:12 ~ 05/02 16:47 (1시간34분) 노출,05/02 16:48 ~ 05/02 17:00 (11분) 노출
제멋대로 대출금리 적용한 저축은행 14곳 무더기 징계,뉴스1,05/02 16:47 ~ 05/02 19:00 (2시간13분) 노출
"김관진, '사드 비용 통보' 보도 언론사 언중위 제소",머니투데이,05/02 16:46 ~ 05/02 19:07 (2시간20분) 노출
"삼성중공업, 거제조선소 전 사업장 생산중단…약 2주 작업..",뉴스1,05/02 16:44 ~ 05/02 19:53 (3시간8분) 노출
日 고령운전자 사고 속출…이번엔 병원 로비로 돌진해 13명..,연합뉴스,05/02 16:41 ~ 05/02 17:55 (1시간13분) 노출
'매관매직 혐의' 고영태 구속기소…국정농단 수사 일단락,연합뉴스,05/02 16:39 ~ 05/02 19:45 (3시간6분) 노출
"승마선수 최모씨 ""삼성, 최순실 반대로 정유라만 지원""",뉴스1,05/02 16:39 ~ 05/02 19:13 (2시간33분) 노출
미 증시 '공포지수' 10년래 최저수준으로…진짜 안전한 걸까?,헤럴드경제,05/02 16:36 ~ 05/02 17:38 (1시간2분) 노출
"완성차 5사, 3월 이어 4월에도 판매 '부진'",뉴시스,05/02 16:34 ~ 05/02 17:05 (30분) 노출
"윤병세, 美日 대사와 3자 협의…대북 대응방안 논의",뉴스1,05/02 16:29 ~ 05/02 16:39 (9분) 노출
"트럼프-푸틴 전화통화 예정…""시리아 사태 등 논의""",연합뉴스,05/02 16:21 ~ 05/02 16:48 (27분) 노출
"경기 북부권 8개 시·군 오존주의보…""실외..""",연합뉴스,05/02 16:16 ~ 05/02 17:00 (43분) 노출
"김수남 ""19대 대선사범 264명…흑백선전사범 85명""",뉴스1,05/02 16:13 ~ 05/02 17:19 (1시간5분) 노출
'보조금 잿밥'만 관심 국비 지원 취업학원,주간동아,05/02 16:11 ~ 05/02 17:11 (1시간0분) 노출
국제유가 5주래 최저…감산합의 무색하게 만든 美·리비아..,매일경제,05/02 16:04 ~ 05/02 16:41 (37분) 노출
"코스피, 또 연중 최고 2219.67 마감…삼성電 7일째↑",뉴시스,05/02 15:54 ~ 05/02 17:58 (2시간3분) 노출
한없이 갖고 싶은 높은 문화의 힘···대선후보들의 문화 정책은,경향신문,05/02 15:52 ~ 05/02 19:21 (3시간28분) 노출
"5월4~5일 전국 3,507개 투표소에서 사전투표 실시",뉴시스,05/02 15:49 ~ 05/02 18:06 (2시간16분) 노출
"朴 재판 시작한 법원, '신속한 심리' vs '방어권 보장' 균형..",이데일리,05/02 15:49 ~ 05/02 17:25 (1시간36분) 노출
"바른정당 집단탈당, 정국 새 변수 부상…유동성 커진 대선판",연합뉴스,05/02 15:48 ~ 05/02 17:38 (1시간50분) 노출
"대선 D-7, 투표 당일 이런 건 OK, 이런 건 NO!",YTN,05/02 15:48 ~ 05/02 18:23 (2시간35분) 노출
"국방망 北해커 '놀이터' 됐는데도…軍, '경징계' 논란",연합뉴스,05/02 15:36 ~ 05/02 19:32 (3시간56분) 노출
중서부 공기 탁해…오늘도 초여름 날씨,연합뉴스TV,05/02 15:31 ~ 05/02 16:16 (45분) 노출
"'사랑이 뭐길래'…美FBI 통역가, 시리아 IS대원과 결혼",뉴스1,05/02 15:30 ~ 05/02 16:34 (1시간4분) 노출
"외교부 ""日공관 인근에 징용자상 설치 바람직하지 않다""",연합뉴스,05/02 15:12 ~ 05/02 16:46 (1시간33분) 노출
"""미중 정상회담 만찬 후 여흥 대신 시리아 공습"" …로스 장관..",뉴시스,05/02 15:01 ~ 05/02 16:39 (1시간37분) 노출
"서울대생들 본관 재점거…학교 측 ""학생들 징계·형사고발..""",뉴스1,05/02 13:47 ~ 05/02 14:22 (35분) 노출,05/02 14:56 ~ 05/02 15:01 (5분) 노출
'골리앗과 타워의 충돌'…크레인 어떻게 운용해 참변 났나,연합뉴스,05/02 14:45 ~ 05/02 16:44 (1시간58분) 노출
"한국당 복귀 바른정당 13명, 개혁보수 명분은 어디로?",뉴스1,05/02 14:22 ~ 05/02 15:48 (1시간26분) 노출
두살배기 딸 집에 두고 외출…하루만에 숨진채 발견,뉴스1,05/02 14:22 ~ 05/02 16:11 (1시간49분) 노출
'골리앗과 타워'…두 크레인 어쩌다 충돌해 참변 났나?,연합뉴스,05/02 14:11 ~ 05/02 14:45 (33분) 노출
김정은 만나겠다는 트럼프…'계산된 언어'로 보이는 이유,머니투데이,05/02 14:05 ~ 05/02 16:34 (2시간29분) 노출
"황금연휴 고속道 곳곳 지·정체…""오후 7시 절정""",뉴시스,05/02 13:51 ~ 05/02 14:02 (11분) 노출,05/02 14:04 ~ 05/02 14:05 (0분) 노출
"미 국무부, 유럽 전역에 여름시즌 '여행주의보'",뉴시스,05/02 10:58 ~ 05/02 13:58 (3시간0분) 노출,05/02 14:02 ~ 05/02 15:02 (59분) 노출
올해 4월 평균기온 13.9도…1973년 이후 두번째로 높아,뉴스1,05/02 13:58 ~ 05/02 16:13 (2시간14분) 노출
건축물 에너지소비총량제 내달 본격 시행,연합뉴스,05/02 13:58 ~ 05/02 14:04 (5분) 노출
"'인터넷에 접속된 국방망' 軍, 2년 동안 몰라 계속 뚫려",뉴스1,05/02 13:57 ~ 05/02 15:36 (1시간38분) 노출
"朴, 23일부터 뇌물죄 재판 나온다…최순실과 법정 조우",뉴시스,05/02 13:55 ~ 05/02 15:49 (1시간54분) 노출
'사드 비용' 논란…한미협정 규정 보니,연합뉴스,05/02 13:55 ~ 05/02 16:29 (2시간34분) 노출
'골리앗과 타워'…두 크레인 어떻게 했길래 참변 났나,연합뉴스,05/02 13:54 ~ 05/02 14:11 (17분) 노출
"팍팍한 가계살림…육류 선택 기준, 품질→가격",뉴시스,05/02 13:48 ~ 05/02 15:30 (1시간42분) 노출
코스피 2230에 '바짝'…'5월에 팔고 떠나라' 올해는..,뉴시스,05/02 13:35 ~ 05/02 15:54 (2시간19분) 노출
"""현수막에 '촛불' 적으면 불법""…선관위, '촛불' 포함 현수막..",뉴시스,05/02 13:24 ~ 05/02 16:36 (3시간11분) 노출
때 이른 초여름 더위…미세먼지 농도 '나쁨',SBS 뉴스,05/02 13:05 ~ 05/02 15:31 (2시간26분) 노출
내부신고자 포상금 한도 1억→10억원으로 10배 뛴다,뉴시스,05/02 12:59 ~ 05/02 16:04 (3시간4분) 노출
"망가진 목·만신창이 손…대선후보들 ""막바지 컨디션 사수..""",연합뉴스,05/02 12:57 ~ 05/02 15:49 (2시간51분) 노출
채동욱 前총장 변호사 개업 길 열릴듯,동아일보,05/02 12:25 ~ 05/02 13:55 (1시간29분) 노출
문재인 38.6% - 안철수 22.6% - 홍준표 18.3%,문화일보,05/02 12:25 ~ 05/02 15:48 (3시간23분) 노출
"박근혜, 23일 법정 나온다…혐의는 모두 부인",뉴스1,05/02 12:15 ~ 05/02 13:55 (1시간39분) 노출
수도권 미세먼지 비상…건조한 날씨 이어져,TV조선,05/02 12:13 ~ 05/02 13:05 (51분) 노출
"삼성중 ""크레인 신호수·운전수 신호 제대로 안 이뤄진듯""",연합뉴스,05/02 12:07 ~ 05/02 13:54 (1시간47분) 노출
'연비 과장' 미니쿠퍼D 5도어에 과징금 1억200만원,연합뉴스,05/02 11:05 ~ 05/02 11:55 (50분) 노출,05/02 11:55 ~ 05/02 12:05 (9분) 노출
박근혜 23일 법정 나온다…준비기일 16일 마무리,뉴스1,05/02 11:55 ~ 05/02 12:15 (20분) 노출
"채동욱 前 검찰총장, 3년 7개월여 만에 변호사 개업 가능해질..",머니투데이,05/02 11:55 ~ 05/02 12:25 (30분) 노출
"대선후보들 ""원전 줄여야"" 한목소리…대안 제시는 미흡",뉴스1,05/02 11:52 ~ 05/02 15:52 (4시간0분) 노출
채팅 앱에서 여자 행세…5000만원 가로챈 20대,뉴스1,05/02 11:48 ~ 05/02 11:55 (7분) 노출
채팅 어플서 여자 행세 3년간 5000만원 가로챈 20대,뉴스1,05/02 11:46 ~ 05/02 11:48 (1분) 노출
"코스피, 2230선 '장중 최고치' 카운트다운..",헤럴드경제,05/02 11:44 ~ 05/02 13:35 (1시간50분) 노출
"코스피, 2230선 '장중 최고치' 카운트다운… 2229.74..",헤럴드경제,05/02 11:42 ~ 05/02 11:44 (1분) 노출
北 해커에 국방망 뚫려…군사기밀도 유출,이데일리,05/02 11:39 ~ 05/02 13:57 (2시간18분) 노출
바른정당 13명 전격 탈당…대선 막판 보수결집 돌출,헤럴드경제,05/02 11:36 ~ 05/02 14:22 (2시간45분) 노출
담배꽁초 하나에 여의도 크기 산림 불타 사라져…약초꾼..,연합뉴스,05/02 10:44 ~ 05/02 11:29 (45분) 노출,05/02 11:36 ~ 05/02 11:46 (10분) 노출
경기 좋다는데 물가 상승 '28개월만에 최저'…왜?,이데일리,05/02 11:29 ~ 05/02 11:36 (6분) 노출
"朴, 첫재판 불출석…혐의 관련 입장표명 유보",아시아경제,05/02 11:16 ~ 05/02 11:55 (38분) 노출
"국방부 ""사드, 北 위협에 초기능력 발휘할 수 있는 상태""",연합뉴스,05/02 11:14 ~ 05/02 15:12 (3시간58분) 노출
강남·서초 등 서울 19개구 아파트값 역대 최고,연합뉴스,05/02 11:00 ~ 05/02 13:58 (2시간58분) 노출
"몸값 높아진 두테르테, 美 애태우며 中·러 끼고 '줄타기'",연합뉴스,05/02 10:58 ~ 05/02 15:12 (4시간14분) 노출
"삼성중 크레인 사고 수사본부, '작업자 부주의'에 무게",연합뉴스,05/02 10:56 ~ 05/02 12:07 (1시간10분) 노출
"국방부 ""사드, 초기운용능력 발휘할 수 있는 상태""",연합뉴스,05/02 10:55 ~ 05/02 11:14 (18분) 노출
"""훈련소 내 병사 중상 당했는데 축소·은폐…헌법 위배""",뉴시스,05/02 10:55 ~ 05/02 12:59 (2시간3분) 노출
커피숍·호프집도 2018년 하반기부터 음악사용료 낸다,뉴스1,05/02 10:52 ~ 05/02 11:05 (12분) 노출
"공항에 전신검색대 법적 근거 마련…""자동 판독한다""",연합뉴스,05/02 10:48 ~ 05/02 11:39 (50분) 노출
문재인 39.7% '독주'…안철수 20.2% 홍준표 16.4% 오차..,아시아경제,05/02 10:42 ~ 05/02 13:47 (3시간4분) 노출
금연구역 벌금보니 '10만원' vs '84만원',서울경제,05/02 10:36 ~ 05/02 10:44 (8분) 노출
"日 정치인들, 美서도 한반도 위기 조장…전직 방위상들 강연",연합뉴스,05/02 10:34 ~ 05/02 11:52 (1시간18분) 노출
세월호 인양비 더 안 준다…선체정리 예산만 추가 확보,연합뉴스,05/02 10:31 ~ 05/02 13:24 (2시간53분) 노출
"홍준표, 2위로 '급등'…문재인 소폭 하락",데일리안,05/02 10:28 ~ 05/02 12:25 (1시간56분) 노출
주민등록번호 유출로 재산·성폭력 피해시 변경 가능,머니투데이,05/02 10:27 ~ 05/02 13:51 (3시간23분) 노출
"한낮 기온 오르고, 중서부 미세먼지↑…오존 '주의'",연합뉴스TV,05/02 10:21 ~ 05/02 10:22 (0분) 노출,05/02 10:24 ~ 05/02 12:13 (1시간49분) 노출
"굳히기냐, 반격이냐…대선 D-7, 오늘 마지막 TV토론",JTBC,05/02 10:23 ~ 05/02 12:57 (2시간34분) 노출
"한낮 기온 오르고, 중서부 미세먼지↑…오존..",연합뉴스TV,05/02 10:22 ~ 05/02 10:24 (1분) 노출
"코스피, 사상 최고치 '바짝'… 2220선 '돌파'",헤럴드경제,05/02 10:16 ~ 05/02 11:42 (1시간26분) 노출
朴 뇌물죄 법정다툼 닻 올랐다…불출석 상태로 첫 공판,뉴시스,05/02 10:05 ~ 05/02 11:16 (1시간10분) 노출
"바른정당 비 유승민계 의원 13명, 집단탈당·홍준표 지지",조선일보,05/02 10:04 ~ 05/02 11:36 (1시간31분) 노출
"바른정당 비유승민계 14명, 집단탈당 결정",연합뉴스,05/02 09:45 ~ 05/02 10:04 (19분) 노출
"여름 더위 계속, 서울 27℃...오전까지 미세먼지↑",YTN,05/02 09:40 ~ 05/02 10:21 (41분) 노출
"여름 더위 계속, 서울 27℃..",YTN,05/02 09:32 ~ 05/02 09:40 (8분) 노출
최저임금 1만원 딜레마…'빈곤 탈피' Vs '일자리 감소',이데일리,05/02 09:12 ~ 05/02 10:48 (1시간35분) 노출
'무리한 오토바이 배달' 사고나면 업주도 처벌받는다,연합뉴스,05/02 09:12 ~ 05/02 10:52 (1시간40분) 노출
"유승민 ""끝까지 완주""…바른정당 집단탈당·'분당' 불가피",연합뉴스,05/02 09:12 ~ 05/02 09:45 (32분) 노출
"靑 '트럼프 인수위 사드비용 논의 제안' 보도에 ""사실무근""",뉴스1,05/02 09:05 ~ 05/02 13:48 (4시간42분) 노출
"정부, 사드 비용 작년 말 통보받았다",한국일보,05/02 09:04 ~ 05/02 10:42 (1시간38분) 노출
소비자물가 1.9%↑…서비스·석유류 물가 상승 영향,연합뉴스,05/02 08:56 ~ 05/02 11:00 (2시간3분) 노출
"유승민 ""단일화 할 생각없다""…완주 의사 거듭 밝혀",연합뉴스,05/02 08:32 ~ 05/02 09:12 (39분) 노출
"유승민 ""단일화 할 생각없다""",연합뉴스,05/02 08:25 ~ 05/02 08:32 (7분) 노출
'트럼프 쇼크'에…올 들어 대미 무역 흑자 34.0%↓,뉴시스,05/02 08:21 ~ 05/02 10:55 (2시간34분) 노출
"소아청소년 고도비만 심각…""100명 중 2∼3명꼴""",연합뉴스,05/02 07:53 ~ 05/02 10:34 (2시간40분) 노출
"쓰러진채 버티거나, 울면서 철수…韓 유통기업들 중국서 '참담'",연합뉴스,05/02 07:53 ~ 05/02 10:58 (3시간5분) 노출
"""은퇴하면 일 스트레스서 자유롭지만 경제적 어려움이 문제""",헤럴드경제,05/02 07:53 ~ 05/02 10:27 (2시간34분) 노출
경기 남부권 미세먼지·중부권 초미세먼지 주의보,연합뉴스,05/02 07:45 ~ 05/02 09:32 (1시간46분) 노출
많이 뽑아도 줄사표… 간호사는 웁니다,서울신문,05/02 07:40 ~ 05/02 10:36 (2시간55분) 노출
"""이직 자유"" ""뼈 묻어야""… 신구세대 직장인 문화 충돌",국민일보,05/02 07:18 ~ 05/02 10:31 (3시간12분) 노출
크레인 날벼락… 노동절 출근한 아빠는 돌아오지 못했다,동아일보,05/02 06:58 ~ 05/02 09:12 (2시간13분) 노출
'18개 혐의' 박근혜 재판 시작…'뇌물죄'가 핵심 쟁점,연합뉴스,05/02 06:57 ~ 05/02 09:04 (2시간7분) 노출
"검찰, 고영태 오늘 구속기소…'관세청 매관매직' 등 비리",연합뉴스,05/02 06:57 ~ 05/02 08:56 (1시간59분) 노출
"""누가 되든 삶은 똑같아""… 노동절 마크롱·르펜 반대 시위",세계일보,05/02 06:53 ~ 05/02 10:05 (3시간12분) 노출
"바른정당, 창당 99일만에 최대 위기… 14명 집단 탈당 논의",뉴스1,05/02 06:36 ~ 05/02 08:25 (1시간48분) 노출
발로 뛰는 대규모 유세대결 옛말… 대선 이젠 '손으로' 뛴다,동아일보,05/02 06:24 ~ 05/02 10:23 (3시간59분) 노출
김관진·맥매스터 사드 비용 '핑퐁게임'…이면합의 있었나,중앙일보,05/02 06:21 ~ 05/02 06:53 (31분) 노출
오늘도 때 이른 더위 계속…곳곳 건조주의보,YTN,05/02 06:17 ~ 05/02 07:45 (1시간28분) 노출
"트럼프 ""상황 적절하면 김정은 만날 용의 있다""",연합뉴스,05/02 06:13 ~ 05/02 09:05 (2시간51분) 노출
유력후보 당사 앞 집회 '북적'… 정책 무관 민원성 요구 많아,서울신문,05/02 06:13 ~ 05/02 10:56 (4시간42분) 노출
'당과의 전쟁' 세계는 덜 마시는데… 탄산음료 더 마시는 한국,조선일보,05/02 05:54 ~ 05/02 09:12 (3시간17분) 노출
안전망 절실한데…치매 독거노인에 도움 못 주는 성년후견제,한국일보,05/02 05:48 ~ 05/02 10:16 (4시간28분) 노출
대선 D-7 문재인 39.3 안철수 21.8 홍준표 16.5%,중앙일보,05/02 05:43 ~ 05/02 10:28 (4시간44분) 노출
"수색 2주째, 미수습자 흔적만 ""이제는 사람을 찾고 싶다""",연합뉴스,05/02 05:28 ~ 05/02 08:21 (2시간52분) 노출
"검찰, 대우조선 분식 눈감은 회계사들 징역 3년∼5년 구형",연합뉴스,05/02 00:18 ~ 05/02 07:53 (7시간34분) 노출
"바른정당 비유승민계 의원 14명, 홍준표 만나 '후보 단일화'..",경향신문,05/01 23:53 ~ 05/02 06:36 (6시간43분) 노출
"사드 비용 흥정의 종착역은 무기 구매 압박, 다음 타깃은?",JTBC,05/01 23:40 ~ 05/02 06:21 (6시간41분) 노출
대출금리는↑ 예금금리는↓…'가계 이자수지' 첫 적자,JTBC,05/01 23:35 ~ 05/02 07:18 (7시간43분) 노출
젊은층·장년층… 세대별 투표율 따라 희비 갈린다,한국일보,05/01 23:30 ~ 05/02 06:13 (6시간42분) 노출
"친문-반문, 스탠딩 토론, '찍' 신조어…달라진 대선 풍속도",YTN,05/01 23:10 ~ 05/02 06:13 (7시간3분) 노출
'판사 블랙리스트' 재조사 · 양승태 입장 표명 촉구 '활활',경향신문,05/01 23:04 ~ 05/02 07:40 (8시간35분) 노출
"문 6조·안 23조·유 40조·심 70조·홍 0원, 증세 규모·방법 딴판",경향신문,05/01 23:01 ~ 05/02 06:24 (7시간23분) 노출
서울대 또 물리적 충돌…강제퇴거-재진입 시도 반복돼 혼란,동아일보,05/01 22:59 ~ 05/02 05:28 (6시간29분) 노출
文 37.7% 安 19.1% 洪 14.9%… '1강 2중',조선일보,05/01 22:53 ~ 05/02 00:18 (1시간24분) 노출
"전국 맑고, 더위 계속…미세먼지 점차 해소",연합뉴스TV,05/01 22:53 ~ 05/02 06:17 (7시간23분) 노출
트럼프 말 한마디에… 롤러코스터 타는 환율,세계일보,05/01 22:38 ~ 05/02 06:57 (8시간19분) 노출
"거제 크레인 사고, 유가족 '오열'…남겨진 유류품",뉴스1,05/01 22:31 ~ 05/02 06:58 (8시간27분) 노출
"대선 후보, 거제 타워크레인 사고 빠른 수습 '주문'",뉴시스,05/01 22:27 ~ 05/02 06:53 (8시간26분) 노출
물과 소금만으로 버티며…11층 광고탑 위 간절한 외침,JTBC,05/01 22:27 ~ 05/02 05:48 (7시간20분) 노출
"토니 블레어, 브렉시트 번복 내걸고 정계 복귀",중앙일보,05/01 22:16 ~ 05/02 05:54 (7시간38분) 노출
"""늙고 사람이 없으니 다 함께""…일본, 직접민주주의 실험",경향신문,05/01 21:51 ~ 05/02 06:57 (9시간5분) 노출
발신번호 조작 돕는 별정 통신사 적발,KBS 뉴스,05/01 21:47 ~ 05/02 07:53 (10시간5분) 노출
'구의역 사고' 1년 지났지만…갈 길 먼 노동환경 개선,JTBC,05/01 21:44 ~ 05/02 07:11 (9시간26분) 노출
"리베이트 판치는 빌라 시장, 'R'자에 숨겨진 비밀",MBC 뉴스,05/01 21:04 ~ 05/02 05:43 (8시간39분) 노출
"""공무원이 꿈…하루 3천 원으로 버텨요"" 한숨 쉬는 청춘들",SBS 뉴스,05/01 21:02 ~ 05/02 07:53 (10시간51분) 노출
